x,y
0.0,0.0
0.0,0.0006
0.0,0.175
0.0017,0.175
0.0017,0.1794
0.0023,0.1794
0.0023,0.18
0.003,0.18
0.003,0.1806
0.0033,0.1806
0.0033,0.1863
0.0046,0.1863
0.0046,0.1869
0.005,0.1869
0.005,0.1888
0.0053,0.1888
0.0053,0.1894
0.0056,0.1894
0.0056,0.1901
0.006,0.1901
0.006,0.1913
0.0063,0.1913
0.0063,0.1932
0.0066,0.1932
0.0066,0.2026
0.0073,0.2026
0.0073,0.2033
0.0076,0.2033
0.0076,0.2052
0.0079,0.2052
0.0079,0.2108
0.0083,0.2108
0.0083,0.2209
0.0086,0.2209
0.0086,0.2215
0.0096,0.2215
0.0096,0.2253
0.0099,0.2253
0.0099,0.2272
0.0106,0.2272
0.0106,0.2284
0.0109,0.2284
0.0109,0.2316
0.0112,0.2316
0.0112,0.2329
0.0116,0.2329
0.0116,0.236
0.0119,0.236
0.0119,0.2385
0.0129,0.2385
0.0129,0.2404
0.0139,0.2404
0.0139,0.2429
0.0142,0.2429
0.0142,0.2435
0.0146,0.2435
0.0146,0.2454
0.0152,0.2454
0.0152,0.2461
0.0159,0.2461
0.0159,0.2486
0.0162,0.2486
0.0162,0.2549
0.0165,0.2549
0.0165,0.2712
0.0172,0.2712
0.0172,0.2756
0.0182,0.2756
0.0182,0.3166
0.0188,0.3166
0.0188,0.3184
0.0192,0.3184
0.0192,0.3197
0.0198,0.3197
0.0198,0.3575
0.0202,0.3575
0.0202,0.3593
0.0205,0.3593
0.0205,0.3612
0.0208,0.3612
0.0208,0.365
0.0212,0.365
0.0212,0.3782
0.0215,0.3782
0.0215,0.3946
0.0218,0.3946
0.0218,0.4512
0.0222,0.4512
0.0222,0.4519
0.0225,0.4519
0.0225,0.4563
0.0228,0.4563
0.0228,0.4575
0.0231,0.4575
0.0231,0.4588
0.0238,0.4588
0.0238,0.4651
0.0248,0.4651
0.0248,0.4739
0.0258,0.4739
0.0258,0.4758
0.0265,0.4758
0.0265,0.477
0.0268,0.477
0.0268,0.4795
0.0274,0.4795
0.0274,0.4814
0.0278,0.4814
0.0278,0.484
0.0284,0.484
0.0284,0.4846
0.0288,0.4846
0.0288,0.4852
0.0291,0.4852
0.0291,0.4858
0.0298,0.4858
0.0298,0.4877
0.0304,0.4877
0.0304,0.4884
0.0314,0.4884
0.0314,0.4934
0.0317,0.4934
0.0317,0.4947
0.0324,0.4947
0.0324,0.4953
0.0337,0.4953
0.0337,0.4959
0.0367,0.4959
0.0367,0.4991
0.037,0.4991
0.037,0.5022
0.0377,0.5022
0.0377,0.506
0.038,0.506
0.038,0.5072
0.0384,0.5072
0.0384,0.5085
0.039,0.5085
0.039,0.5142
0.0394,0.5142
0.0394,0.5154
0.0397,0.5154
0.0397,0.5179
0.04,0.5179
0.04,0.523
0.0403,0.523
0.0403,0.545
0.0407,0.545
0.0407,0.5494
0.0413,0.5494
0.0413,0.5607
0.0417,0.5607
0.0417,0.5639
0.042,0.5639
0.042,0.5683
0.0427,0.5683
0.0427,0.5727
0.043,0.5727
0.043,0.5853
0.0437,0.5853
0.0437,0.5859
0.044,0.5859
0.044,0.5884
0.0443,0.5884
0.0443,0.5903
0.0446,0.5903
0.0446,0.5909
0.045,0.5909
0.045,0.6155
0.0453,0.6155
0.0453,0.6161
0.0456,0.6161
0.0456,0.6167
0.046,0.6167
0.046,0.618
0.0463,0.618
0.0463,0.6211
0.0466,0.6211
0.0466,0.623
0.0473,0.623
0.0473,0.6306
0.0476,0.6306
0.0476,0.6318
0.0486,0.6318
0.0486,0.635
0.0489,0.635
0.0489,0.6356
0.0493,0.6356
0.0493,0.6362
0.0496,0.6362
0.0496,0.6369
0.0499,0.6369
0.0499,0.6375
0.0503,0.6375
0.0503,0.6388
0.0506,0.6388
0.0506,0.6407
0.0513,0.6407
0.0513,0.657
0.0516,0.657
0.0516,0.6589
0.0519,0.6589
0.0519,0.6639
0.0522,0.6639
0.0522,0.6646
0.0526,0.6646
0.0526,0.6652
0.0546,0.6652
0.0546,0.6778
0.0556,0.6778
0.0556,0.6822
0.0559,0.6822
0.0559,0.7023
0.0562,0.7023
0.0562,0.7067
0.0565,0.7067
0.0565,0.7074
0.0575,0.7074
0.0575,0.7231
0.0579,0.7231
0.0579,0.7854
0.0582,0.7854
0.0582,0.8181
0.0585,0.8181
0.0585,0.8194
0.0589,0.8194
0.0589,0.8219
0.0592,0.8219
0.0592,0.8225
0.0595,0.8225
0.0595,0.8232
0.0602,0.8232
0.0602,0.8282
0.0605,0.8282
0.0605,0.8402
0.0608,0.8402
0.0608,0.8414
0.0615,0.8414
0.0615,0.8464
0.0618,0.8464
0.0618,0.8477
0.0625,0.8477
0.0625,0.8483
0.0628,0.8483
0.0628,0.8496
0.0632,0.8496
0.0632,0.854
0.0642,0.854
0.0642,0.8546
0.0645,0.8546
0.0645,0.8553
0.0648,0.8553
0.0648,0.8559
0.0651,0.8559
0.0651,0.8578
0.0655,0.8578
0.0655,0.8628
0.0661,0.8628
0.0661,0.8634
0.0685,0.8634
0.0685,0.8672
0.0698,0.8672
0.0698,0.8678
0.0704,0.8678
0.0704,0.8685
0.0708,0.8685
0.0708,0.871
0.0718,0.871
0.0718,0.8716
0.0721,0.8716
0.0721,0.8722
0.0728,0.8722
0.0728,0.8729
0.0734,0.8729
0.0734,0.8735
0.0787,0.8735
0.0787,0.8741
0.0827,0.8741
0.0827,0.8748
0.0833,0.8748
0.0833,0.876
0.084,0.876
0.084,0.8773
0.0933,0.8773
0.0933,0.8779
0.1032,0.8779
0.1032,0.8785
0.1035,0.8785
0.1035,0.8792
0.1038,0.8792
0.1038,0.8798
0.1058,0.8798
0.1058,0.8804
0.1164,0.8804
0.1164,0.8811
0.1293,0.8811
0.1293,0.8817
0.1306,0.8817
0.1306,0.8823
0.1356,0.8823
0.1356,0.8829
0.1541,0.8829
0.1541,0.8836
0.1644,0.8836
0.1644,0.8842
0.1766,0.8842
0.1766,0.8848
0.1772,0.8848
0.1772,0.8855
0.1776,0.8855
0.1776,0.8861
0.1796,0.8861
0.1796,0.8867
0.1809,0.8867
0.1809,0.888
0.1819,0.888
0.1819,0.8886
0.1835,0.8886
0.1835,0.8892
0.1868,0.8892
0.1868,0.8899
0.1888,0.8899
0.1888,0.8911
0.1901,0.8911
0.1901,0.8918
0.1921,0.8918
0.1921,0.8924
0.1981,0.8924
0.1981,0.893
0.2001,0.893
0.2001,0.8936
0.206,0.8936
0.206,0.8943
0.2063,0.8943
0.2063,0.8949
0.2067,0.8949
0.2067,0.8955
0.208,0.8955
0.208,0.8962
0.211,0.8962
0.211,0.8968
0.2285,0.8968
0.2285,0.8974
0.2391,0.8974
0.2391,0.898
0.2424,0.898
0.2424,0.8993
0.2437,0.8993
0.2437,0.8999
0.2454,0.8999
0.2454,0.9006
0.2467,0.9006
0.2467,0.9012
0.2546,0.9012
0.2546,0.9018
0.2612,0.9018
0.2612,0.9025
0.2616,0.9025
0.2616,0.9031
0.2629,0.9031
0.2629,0.9043
0.2722,0.9043
0.2722,0.9056
0.2874,0.9056
0.2874,0.9062
0.3069,0.9062
0.3069,0.9069
0.3095,0.9069
0.3095,0.9075
0.3122,0.9075
0.3128,0.9075
0.3165,0.9075
0.3165,0.9081
0.3185,0.9081
0.3185,0.9087
0.3228,0.9087
0.3228,0.9094
0.3304,0.9094
0.3304,0.91
0.3313,0.91
0.3313,0.9113
0.332,0.9113
0.332,0.9119
0.3323,0.9119
0.3323,0.9125
0.3333,0.9125
0.3333,0.9132
0.334,0.9132
0.334,0.9144
0.3419,0.9144
0.3419,0.915
0.3796,0.915
0.3796,0.9157
0.3823,0.9157
0.3823,0.9163
0.3909,0.9163
0.3909,0.9169
0.414,0.9169
0.414,0.9176
0.4147,0.9176
0.4147,0.9182
0.4163,0.9182
0.4163,0.9188
0.4233,0.9188
0.4233,0.9194
0.4365,0.9194
0.4365,0.9201
0.4372,0.9201
0.4372,0.9207
0.4385,0.9207
0.4385,0.9213
0.4398,0.9213
0.4398,0.922
0.4676,0.922
0.4676,0.9226
0.4735,0.9226
0.4735,0.9232
0.4739,0.9232
0.4739,0.9239
0.4874,0.9239
0.4874,0.9245
0.4891,0.9245
0.4891,0.9251
0.494,0.9251
0.494,0.9257
0.4947,0.9257
0.4947,0.9264
0.495,0.9264
0.495,0.927
0.4977,0.927
0.4977,0.9276
0.5007,0.9276
0.5007,0.9283
0.5026,0.9283
0.5026,0.9308
0.5033,0.9308
0.5033,0.9314
0.5086,0.9314
0.5086,0.932
0.5099,0.932
0.5099,0.9333
0.5103,0.9333
0.5103,0.9339
0.5109,0.9339
0.5109,0.9352
0.5116,0.9352
0.5116,0.9364
0.5165,0.9364
0.5165,0.9371
0.5182,0.9371
0.5182,0.9377
0.5202,0.9377
0.5202,0.9383
0.5212,0.9383
0.5212,0.939
0.5215,0.939
0.5215,0.9396
0.5251,0.9396
0.5251,0.9402
0.5255,0.9402
0.5255,0.9408
0.5271,0.9408
0.5271,0.9415
0.5291,0.9415
0.5291,0.9421
0.5304,0.9421
0.5304,0.9427
0.5387,0.9427
0.5387,0.9434
0.5397,0.9434
0.5397,0.944
0.5536,0.944
0.5536,0.9446
0.5599,0.9446
0.5599,0.9452
0.5618,0.9452
0.5618,0.9459
0.5632,0.9459
0.5632,0.9465
0.5655,0.9465
0.5655,0.9471
0.5685,0.9471
0.5685,0.9478
0.5893,0.9478
0.5893,0.9484
0.5896,0.9484
0.5896,0.949
0.6376,0.949
0.6376,0.9497
0.6878,0.9497
0.6878,0.9503
0.71,0.9503
0.71,0.9509
0.7259,0.9509
0.7259,0.9515
0.7298,0.9515
0.7298,0.9522
0.7424,0.9522
0.7424,0.9528
0.7444,0.9528
0.7444,0.9541
0.751,0.9541
0.751,0.9547
0.7569,0.9547
0.7569,0.9553
0.7612,0.9553
0.7612,0.9559
0.7626,0.9559
0.7626,0.9566
0.7669,0.9566
0.7669,0.9572
0.7685,0.9572
0.7685,0.9578
0.7722,0.9578
0.7722,0.9585
0.7728,0.9585
0.7728,0.9591
0.7735,0.9591
0.7735,0.9597
0.7751,0.9597
0.7751,0.9604
0.7755,0.9604
0.7755,0.961
0.7765,0.961
0.7765,0.9622
0.7778,0.9622
0.7784,0.9622
0.791,0.9622
0.791,0.9629
0.7937,0.9629
0.7937,0.9635
0.794,0.9635
0.794,0.9641
0.7946,0.9641
0.7946,0.9648
0.7953,0.9648
0.7953,0.966
0.7973,0.966
0.7973,0.9666
0.7993,0.9666
0.7993,0.9673
0.8042,0.9673
0.8042,0.9685
0.8052,0.9685
0.8052,0.9692
0.8069,0.9692
0.8069,0.9698
0.8072,0.9698
0.8072,0.9704
0.8075,0.9704
0.8075,0.9711
0.8095,0.9711
0.8095,0.9717
0.8102,0.9717
0.8102,0.9723
0.8105,0.9723
0.8105,0.9729
0.8122,0.9729
0.8122,0.9736
0.8135,0.9736
0.8135,0.9742
0.8142,0.9742
0.8142,0.9748
0.8277,0.9748
0.8277,0.9755
0.8287,0.9755
0.8287,0.9761
0.8327,0.9761
0.8327,0.9767
0.8399,0.9767
0.8399,0.978
0.8416,0.978
0.8416,0.9786
0.8449,0.9786
0.8449,0.9792
0.8476,0.9792
0.8476,0.9799
0.8479,0.9799
0.8479,0.9805
0.8528,0.9805
0.8528,0.9811
0.8611,0.9811
0.8611,0.9824
0.8796,0.9824
0.8796,0.983
0.8846,0.983
0.8846,0.9836
0.8889,0.9836
0.8889,0.9843
0.8915,0.9843
0.8915,0.9849
0.8919,0.9849
0.8919,0.9862
0.8929,0.9862
0.8929,0.9868
0.8952,0.9868
0.8952,0.9874
0.8968,0.9874
0.8968,0.988
0.8985,0.988
0.8985,0.9893
0.9008,0.9893
0.9008,0.9899
0.9024,0.9899
0.9028,0.9906
0.9054,0.9906
0.9054,0.9912
0.9074,0.9912
0.9074,0.9918
0.9081,0.9918
0.9081,0.9931
0.9117,0.9931
0.9117,0.9943
0.9137,0.9943
0.9137,0.995
0.9147,0.995
0.9147,0.9956
0.917,0.9956
0.917,0.9962
0.922,0.9962
0.922,0.9969
0.9312,0.9969
0.9312,0.9975
0.9325,0.9975
0.9325,0.9981
0.9345,0.9981
0.9345,0.9987
0.9401,0.9987
0.9401,0.9994
0.9557,0.9994
0.9557,1.0
1.0,1.0
